<?xml version="1.0" encoding="UTF-8"?>
<project-private xmlns="http://www.netbeans.org/ns/project-private/1">
    <editor-bookmarks xmlns="http://www.netbeans.org/ns/editor-bookmarks/2" lastBookmarkId="0"/>
    <open-files xmlns="http://www.netbeans.org/ns/projectui-open-files/2">
        <group>
            <file>file:/D:/FILE/Kuliah/Semester%204/MATERI%20PRAKTIKUM/PBO/JK/Final%20Project%201/src/View/MainView.java</file>
            <file>file:/D:/FILE/Kuliah/Semester%204/MATERI%20PRAKTIKUM/PBO/JK/Final%20Project%201/src/View/DaftarTransaksi.java</file>
        </group>
    </open-files>
</project-private>
